n;url;city;num;level;level_name
1;http://api.meteored.cl/index.php?api_lang=cl&localidad=515971;Listado de localidades - Región Metropolitana de Santiago;174;3;Localidad
2;http://api.meteored.cl/index.php?api_lang=cl&localidad=18539;Listado de localidades - Región Metropolitana de Santiago;174;3;Localidad
3;http://api.meteored.cl/index.php?api_lang=cl&localidad=18099;Listado de localidades - Región Metropolitana de Santiago;174;3;Localidad
4;http://api.meteored.cl/index.php?api_lang=cl&localidad=516039;Listado de localidades - Región Metropolitana de Santiago;174;3;Localidad
5;http://api.meteored.cl/index.php?api_lang=cl&localidad=516057;Listado de localidades - Región Metropolitana de Santiago;174;3;Localidad
6;http://api.meteored.cl/index.php?api_lang=cl&localidad=516082;Listado de localidades - Región Metropolitana de Santiago;174;3;Localidad
7;http://api.meteored.cl/index.php?api_lang=cl&localidad=516083;Listado de localidades - Región Metropolitana de Santiago;174;3;Localidad
8;http://api.meteored.cl/index.php?api_lang=cl&localidad=516066;Listado de localidades - Región Metropolitana de Santiago;174;3;Localidad
9;http://api.meteored.cl/index.php?api_lang=cl&localidad=516072;Listado de localidades - Región Metropolitana de Santiago;174;3;Localidad
10;http://api.meteored.cl/index.php?api_lang=cl&localidad=18098;Listado de localidades - Región Metropolitana de Santiago;174;3;Localidad
11;http://api.meteored.cl/index.php?api_lang=cl&localidad=516093;Listado de localidades - Región Metropolitana de Santiago;174;3;Localidad
12;http://api.meteored.cl/index.php?api_lang=cl&localidad=18089;Listado de localidades - Región Metropolitana de Santiago;174;3;Localidad
13;http://api.meteored.cl/index.php?api_lang=cl&localidad=516123;Listado de localidades - Región Metropolitana de Santiago;174;3;Localidad
14;http://api.meteored.cl/index.php?api_lang=cl&localidad=18096;Listado de localidades - Región Metropolitana de Santiago;174;3;Localidad
15;http://api.meteored.cl/index.php?api_lang=cl&localidad=516140;Listado de localidades - Región Metropolitana de Santiago;174;3;Localidad
16;http://api.meteored.cl/index.php?api_lang=cl&localidad=516159;Listado de localidades - Región Metropolitana de Santiago;174;3;Localidad
17;http://api.meteored.cl/index.php?api_lang=cl&localidad=516224;Listado de localidades - Región Metropolitana de Santiago;174;3;Localidad
18;http://api.meteored.cl/index.php?api_lang=cl&localidad=516226;Listado de localidades - Región Metropolitana de Santiago;174;3;Localidad
19;http://api.meteored.cl/index.php?api_lang=cl&localidad=516228;Listado de localidades - Región Metropolitana de Santiago;174;3;Localidad
20;http://api.meteored.cl/index.php?api_lang=cl&localidad=516342;Listado de localidades - Región Metropolitana de Santiago;174;3;Localidad
21;http://api.meteored.cl/index.php?api_lang=cl&localidad=516366;Listado de localidades - Región Metropolitana de Santiago;174;3;Localidad
22;http://api.meteored.cl/index.php?api_lang=cl&localidad=516368;Listado de localidades - Región Metropolitana de Santiago;174;3;Localidad
23;http://api.meteored.cl/index.php?api_lang=cl&localidad=18100;Listado de localidades - Región Metropolitana de Santiago;174;3;Localidad
24;http://api.meteored.cl/index.php?api_lang=cl&localidad=516447;Listado de localidades - Región Metropolitana de Santiago;174;3;Localidad
25;http://api.meteored.cl/index.php?api_lang=cl&localidad=516459;Listado de localidades - Región Metropolitana de Santiago;174;3;Localidad
26;http://api.meteored.cl/index.php?api_lang=cl&localidad=18094;Listado de localidades - Región Metropolitana de Santiago;174;3;Localidad
27;http://api.meteored.cl/index.php?api_lang=cl&localidad=516480;Listado de localidades - Región Metropolitana de Santiago;174;3;Localidad
28;http://api.meteored.cl/index.php?api_lang=cl&localidad=516484;Listado de localidades - Región Metropolitana de Santiago;174;3;Localidad
29;http://api.meteored.cl/index.php?api_lang=cl&localidad=18093;Listado de localidades - Región Metropolitana de Santiago;174;3;Localidad
30;http://api.meteored.cl/index.php?api_lang=cl&localidad=516580;Listado de localidades - Región Metropolitana de Santiago;174;3;Localidad
31;http://api.meteored.cl/index.php?api_lang=cl&localidad=516594;Listado de localidades - Región Metropolitana de Santiago;174;3;Localidad
32;http://api.meteored.cl/index.php?api_lang=cl&localidad=18092;Listado de localidades - Región Metropolitana de Santiago;174;3;Localidad
33;http://api.meteored.cl/index.php?api_lang=cl&localidad=18091;Listado de localidades - Región Metropolitana de Santiago;174;3;Localidad
34;http://api.meteored.cl/index.php?api_lang=cl&localidad=516622;Listado de localidades - Región Metropolitana de Santiago;174;3;Localidad
35;http://api.meteored.cl/index.php?api_lang=cl&localidad=18523;Listado de localidades - Región Metropolitana de Santiago;174;3;Localidad
36;http://api.meteored.cl/index.php?api_lang=cl&localidad=516639;Listado de localidades - Región Metropolitana de Santiago;174;3;Localidad
37;http://api.meteored.cl/index.php?api_lang=cl&localidad=516654;Listado de localidades - Región Metropolitana de Santiago;174;3;Localidad
38;http://api.meteored.cl/index.php?api_lang=cl&localidad=516662;Listado de localidades - Región Metropolitana de Santiago;174;3;Localidad
39;http://api.meteored.cl/index.php?api_lang=cl&localidad=516669;Listado de localidades - Región Metropolitana de Santiago;174;3;Localidad
40;http://api.meteored.cl/index.php?api_lang=cl&localidad=18090;Listado de localidades - Región Metropolitana de Santiago;174;3;Localidad
41;http://api.meteored.cl/index.php?api_lang=cl&localidad=516677;Listado de localidades - Región Metropolitana de Santiago;174;3;Localidad
42;http://api.meteored.cl/index.php?api_lang=cl&localidad=516682;Listado de localidades - Región Metropolitana de Santiago;174;3;Localidad
43;http://api.meteored.cl/index.php?api_lang=cl&localidad=18107;Listado de localidades - Región Metropolitana de Santiago;174;3;Localidad
44;http://api.meteored.cl/index.php?api_lang=cl&localidad=518337;Listado de localidades - Región Metropolitana de Santiago;174;3;Localidad
45;http://api.meteored.cl/index.php?api_lang=cl&localidad=516734;Listado de localidades - Región Metropolitana de Santiago;174;3;Localidad
46;http://api.meteored.cl/index.php?api_lang=cl&localidad=18524;Listado de localidades - Región Metropolitana de Santiago;174;3;Localidad
47;http://api.meteored.cl/index.php?api_lang=cl&localidad=17837;Listado de localidades - Región Metropolitana de Santiago;174;3;Localidad
48;http://api.meteored.cl/index.php?api_lang=cl&localidad=516746;Listado de localidades - Región Metropolitana de Santiago;174;3;Localidad
49;http://api.meteored.cl/index.php?api_lang=cl&localidad=18097;Listado de localidades - Región Metropolitana de Santiago;174;3;Localidad
50;http://api.meteored.cl/index.php?api_lang=cl&localidad=18113;Listado de localidades - Región Metropolitana de Santiago;174;3;Localidad
51;http://api.meteored.cl/index.php?api_lang=cl&localidad=516820;Listado de localidades - Región Metropolitana de Santiago;174;3;Localidad
52;http://api.meteored.cl/index.php?api_lang=cl&localidad=516834;Listado de localidades - Región Metropolitana de Santiago;174;3;Localidad
53;http://api.meteored.cl/index.php?api_lang=cl&localidad=516835;Listado de localidades - Región Metropolitana de Santiago;174;3;Localidad
54;http://api.meteored.cl/index.php?api_lang=cl&localidad=18112;Listado de localidades - Región Metropolitana de Santiago;174;3;Localidad
55;http://api.meteored.cl/index.php?api_lang=cl&localidad=516854;Listado de localidades - Región Metropolitana de Santiago;174;3;Localidad
56;http://api.meteored.cl/index.php?api_lang=cl&localidad=18111;Listado de localidades - Región Metropolitana de Santiago;174;3;Localidad
57;http://api.meteored.cl/index.php?api_lang=cl&localidad=516887;Listado de localidades - Región Metropolitana de Santiago;174;3;Localidad
58;http://api.meteored.cl/index.php?api_lang=cl&localidad=18110;Listado de localidades - Región Metropolitana de Santiago;174;3;Localidad
59;http://api.meteored.cl/index.php?api_lang=cl&localidad=516916;Listado de localidades - Región Metropolitana de Santiago;174;3;Localidad
60;http://api.meteored.cl/index.php?api_lang=cl&localidad=516939;Listado de localidades - Región Metropolitana de Santiago;174;3;Localidad
61;http://api.meteored.cl/index.php?api_lang=cl&localidad=516960;Listado de localidades - Región Metropolitana de Santiago;174;3;Localidad
62;http://api.meteored.cl/index.php?api_lang=cl&localidad=516962;Listado de localidades - Región Metropolitana de Santiago;174;3;Localidad
63;http://api.meteored.cl/index.php?api_lang=cl&localidad=516976;Listado de localidades - Región Metropolitana de Santiago;174;3;Localidad
64;http://api.meteored.cl/index.php?api_lang=cl&localidad=18109;Listado de localidades - Región Metropolitana de Santiago;174;3;Localidad
65;http://api.meteored.cl/index.php?api_lang=cl&localidad=18108;Listado de localidades - Región Metropolitana de Santiago;174;3;Localidad
66;http://api.meteored.cl/index.php?api_lang=cl&localidad=18101;Listado de localidades - Región Metropolitana de Santiago;174;3;Localidad
67;http://api.meteored.cl/index.php?api_lang=cl&localidad=516999;Listado de localidades - Región Metropolitana de Santiago;174;3;Localidad
68;http://api.meteored.cl/index.php?api_lang=cl&localidad=517001;Listado de localidades - Región Metropolitana de Santiago;174;3;Localidad
69;http://api.meteored.cl/index.php?api_lang=cl&localidad=517006;Listado de localidades - Región Metropolitana de Santiago;174;3;Localidad
70;http://api.meteored.cl/index.php?api_lang=cl&localidad=17848;Listado de localidades - Región Metropolitana de Santiago;174;3;Localidad
71;http://api.meteored.cl/index.php?api_lang=cl&localidad=517034;Listado de localidades - Región Metropolitana de Santiago;174;3;Localidad
72;http://api.meteored.cl/index.php?api_lang=cl&localidad=517045;Listado de localidades - Región Metropolitana de Santiago;174;3;Localidad
73;http://api.meteored.cl/index.php?api_lang=cl&localidad=517056;Listado de localidades - Región Metropolitana de Santiago;174;3;Localidad
74;http://api.meteored.cl/index.php?api_lang=cl&localidad=517057;Listado de localidades - Región Metropolitana de Santiago;174;3;Localidad
75;http://api.meteored.cl/index.php?api_lang=cl&localidad=517061;Listado de localidades - Región Metropolitana de Santiago;174;3;Localidad
76;http://api.meteored.cl/index.php?api_lang=cl&localidad=517071;Listado de localidades - Región Metropolitana de Santiago;174;3;Localidad
77;http://api.meteored.cl/index.php?api_lang=cl&localidad=517077;Listado de localidades - Región Metropolitana de Santiago;174;3;Localidad
78;http://api.meteored.cl/index.php?api_lang=cl&localidad=17850;Listado de localidades - Región Metropolitana de Santiago;174;3;Localidad
79;http://api.meteored.cl/index.php?api_lang=cl&localidad=18114;Listado de localidades - Región Metropolitana de Santiago;174;3;Localidad
80;http://api.meteored.cl/index.php?api_lang=cl&localidad=517143;Listado de localidades - Región Metropolitana de Santiago;174;3;Localidad
81;http://api.meteored.cl/index.php?api_lang=cl&localidad=18106;Listado de localidades - Región Metropolitana de Santiago;174;3;Localidad
82;http://api.meteored.cl/index.php?api_lang=cl&localidad=517156;Listado de localidades - Región Metropolitana de Santiago;174;3;Localidad
83;http://api.meteored.cl/index.php?api_lang=cl&localidad=517163;Listado de localidades - Región Metropolitana de Santiago;174;3;Localidad
84;http://api.meteored.cl/index.php?api_lang=cl&localidad=18105;Listado de localidades - Región Metropolitana de Santiago;174;3;Localidad
85;http://api.meteored.cl/index.php?api_lang=cl&localidad=517197;Listado de localidades - Región Metropolitana de Santiago;174;3;Localidad
86;http://api.meteored.cl/index.php?api_lang=cl&localidad=18516;Listado de localidades - Región Metropolitana de Santiago;174;3;Localidad
87;http://api.meteored.cl/index.php?api_lang=cl&localidad=517224;Listado de localidades - Región Metropolitana de Santiago;174;3;Localidad
88;http://api.meteored.cl/index.php?api_lang=cl&localidad=18104;Listado de localidades - Región Metropolitana de Santiago;174;3;Localidad
89;http://api.meteored.cl/index.php?api_lang=cl&localidad=517227;Listado de localidades - Región Metropolitana de Santiago;174;3;Localidad
90;http://api.meteored.cl/index.php?api_lang=cl&localidad=517228;Listado de localidades - Región Metropolitana de Santiago;174;3;Localidad
91;http://api.meteored.cl/index.php?api_lang=cl&localidad=517229;Listado de localidades - Región Metropolitana de Santiago;174;3;Localidad
92;http://api.meteored.cl/index.php?api_lang=cl&localidad=517230;Listado de localidades - Región Metropolitana de Santiago;174;3;Localidad
93;http://api.meteored.cl/index.php?api_lang=cl&localidad=517237;Listado de localidades - Región Metropolitana de Santiago;174;3;Localidad
94;http://api.meteored.cl/index.php?api_lang=cl&localidad=517238;Listado de localidades - Región Metropolitana de Santiago;174;3;Localidad
95;http://api.meteored.cl/index.php?api_lang=cl&localidad=517239;Listado de localidades - Región Metropolitana de Santiago;174;3;Localidad
96;http://api.meteored.cl/index.php?api_lang=cl&localidad=517241;Listado de localidades - Región Metropolitana de Santiago;174;3;Localidad
97;http://api.meteored.cl/index.php?api_lang=cl&localidad=517247;Listado de localidades - Región Metropolitana de Santiago;174;3;Localidad
98;http://api.meteored.cl/index.php?api_lang=cl&localidad=517257;Listado de localidades - Región Metropolitana de Santiago;174;3;Localidad
99;http://api.meteored.cl/index.php?api_lang=cl&localidad=18103;Listado de localidades - Región Metropolitana de Santiago;174;3;Localidad
100;http://api.meteored.cl/index.php?api_lang=cl&localidad=517272;Listado de localidades - Región Metropolitana de Santiago;174;3;Localidad
101;http://api.meteored.cl/index.php?api_lang=cl&localidad=18102;Listado de localidades - Región Metropolitana de Santiago;174;3;Localidad
102;http://api.meteored.cl/index.php?api_lang=cl&localidad=517275;Listado de localidades - Región Metropolitana de Santiago;174;3;Localidad
103;http://api.meteored.cl/index.php?api_lang=cl&localidad=517290;Listado de localidades - Región Metropolitana de Santiago;174;3;Localidad
104;http://api.meteored.cl/index.php?api_lang=cl&localidad=517304;Listado de localidades - Región Metropolitana de Santiago;174;3;Localidad
105;http://api.meteored.cl/index.php?api_lang=cl&localidad=517311;Listado de localidades - Región Metropolitana de Santiago;174;3;Localidad
106;http://api.meteored.cl/index.php?api_lang=cl&localidad=517315;Listado de localidades - Región Metropolitana de Santiago;174;3;Localidad
107;http://api.meteored.cl/index.php?api_lang=cl&localidad=517317;Listado de localidades - Región Metropolitana de Santiago;174;3;Localidad
108;http://api.meteored.cl/index.php?api_lang=cl&localidad=517319;Listado de localidades - Región Metropolitana de Santiago;174;3;Localidad
109;http://api.meteored.cl/index.php?api_lang=cl&localidad=517323;Listado de localidades - Región Metropolitana de Santiago;174;3;Localidad
110;http://api.meteored.cl/index.php?api_lang=cl&localidad=517329;Listado de localidades - Región Metropolitana de Santiago;174;3;Localidad
111;http://api.meteored.cl/index.php?api_lang=cl&localidad=517333;Listado de localidades - Región Metropolitana de Santiago;174;3;Localidad
112;http://api.meteored.cl/index.php?api_lang=cl&localidad=17984;Listado de localidades - Región Metropolitana de Santiago;174;3;Localidad
113;http://api.meteored.cl/index.php?api_lang=cl&localidad=17854;Listado de localidades - Región Metropolitana de Santiago;174;3;Localidad
114;http://api.meteored.cl/index.php?api_lang=cl&localidad=517357;Listado de localidades - Región Metropolitana de Santiago;174;3;Localidad
115;http://api.meteored.cl/index.php?api_lang=cl&localidad=17725;Listado de localidades - Región Metropolitana de Santiago;174;3;Localidad
116;http://api.meteored.cl/index.php?api_lang=cl&localidad=17726;Listado de localidades - Región Metropolitana de Santiago;174;3;Localidad
117;http://api.meteored.cl/index.php?api_lang=cl&localidad=517379;Listado de localidades - Región Metropolitana de Santiago;174;3;Localidad
118;http://api.meteored.cl/index.php?api_lang=cl&localidad=17719;Listado de localidades - Región Metropolitana de Santiago;174;3;Localidad
119;http://api.meteored.cl/index.php?api_lang=cl&localidad=18203;Listado de localidades - Región Metropolitana de Santiago;174;3;Localidad
120;http://api.meteored.cl/index.php?api_lang=cl&localidad=18423;Listado de localidades - Región Metropolitana de Santiago;174;3;Localidad
121;http://api.meteored.cl/index.php?api_lang=cl&localidad=517471;Listado de localidades - Región Metropolitana de Santiago;174;3;Localidad
122;http://api.meteored.cl/index.php?api_lang=cl&localidad=17720;Listado de localidades - Región Metropolitana de Santiago;174;3;Localidad
123;http://api.meteored.cl/index.php?api_lang=cl&localidad=517488;Listado de localidades - Región Metropolitana de Santiago;174;3;Localidad
124;http://api.meteored.cl/index.php?api_lang=cl&localidad=18546;Listado de localidades - Región Metropolitana de Santiago;174;3;Localidad
125;http://api.meteored.cl/index.php?api_lang=cl&localidad=17721;Listado de localidades - Región Metropolitana de Santiago;174;3;Localidad
126;http://api.meteored.cl/index.php?api_lang=cl&localidad=517569;Listado de localidades - Región Metropolitana de Santiago;174;3;Localidad
127;http://api.meteored.cl/index.php?api_lang=cl&localidad=517589;Listado de localidades - Región Metropolitana de Santiago;174;3;Localidad
128;http://api.meteored.cl/index.php?api_lang=cl&localidad=17722;Listado de localidades - Región Metropolitana de Santiago;174;3;Localidad
129;http://api.meteored.cl/index.php?api_lang=cl&localidad=17746;Listado de localidades - Región Metropolitana de Santiago;174;3;Localidad
130;http://api.meteored.cl/index.php?api_lang=cl&localidad=17772;Listado de localidades - Región Metropolitana de Santiago;174;3;Localidad
131;http://api.meteored.cl/index.php?api_lang=cl&localidad=517658;Listado de localidades - Región Metropolitana de Santiago;174;3;Localidad
132;http://api.meteored.cl/index.php?api_lang=cl&localidad=17734;Listado de localidades - Región Metropolitana de Santiago;174;3;Localidad
133;http://api.meteored.cl/index.php?api_lang=cl&localidad=517679;Listado de localidades - Región Metropolitana de Santiago;174;3;Localidad
134;http://api.meteored.cl/index.php?api_lang=cl&localidad=17757;Listado de localidades - Región Metropolitana de Santiago;174;3;Localidad
135;http://api.meteored.cl/index.php?api_lang=cl&localidad=17758;Listado de localidades - Región Metropolitana de Santiago;174;3;Localidad
136;http://api.meteored.cl/index.php?api_lang=cl&localidad=517723;Listado de localidades - Región Metropolitana de Santiago;174;3;Localidad
137;http://api.meteored.cl/index.php?api_lang=cl&localidad=18261;Listado de localidades - Región Metropolitana de Santiago;174;3;Localidad
138;http://api.meteored.cl/index.php?api_lang=cl&localidad=517745;Listado de localidades - Región Metropolitana de Santiago;174;3;Localidad
139;http://api.meteored.cl/index.php?api_lang=cl&localidad=517747;Listado de localidades - Región Metropolitana de Santiago;174;3;Localidad
140;http://api.meteored.cl/index.php?api_lang=cl&localidad=517833;Listado de localidades - Región Metropolitana de Santiago;174;3;Localidad
141;http://api.meteored.cl/index.php?api_lang=cl&localidad=517863;Listado de localidades - Región Metropolitana de Santiago;174;3;Localidad
142;http://api.meteored.cl/index.php?api_lang=cl&localidad=17759;Listado de localidades - Región Metropolitana de Santiago;174;3;Localidad
143;http://api.meteored.cl/index.php?api_lang=cl&localidad=17760;Listado de localidades - Región Metropolitana de Santiago;174;3;Localidad
144;http://api.meteored.cl/index.php?api_lang=cl&localidad=517927;Listado de localidades - Región Metropolitana de Santiago;174;3;Localidad
145;http://api.meteored.cl/index.php?api_lang=cl&localidad=517929;Listado de localidades - Región Metropolitana de Santiago;174;3;Localidad
146;http://api.meteored.cl/index.php?api_lang=cl&localidad=17761;Listado de localidades - Región Metropolitana de Santiago;174;3;Localidad
147;http://api.meteored.cl/index.php?api_lang=cl&localidad=517948;Listado de localidades - Región Metropolitana de Santiago;174;3;Localidad
148;http://api.meteored.cl/index.php?api_lang=cl&localidad=17762;Listado de localidades - Región Metropolitana de Santiago;174;3;Localidad
149;http://api.meteored.cl/index.php?api_lang=cl&localidad=18536;Listado de localidades - Región Metropolitana de Santiago;174;3;Localidad
150;http://api.meteored.cl/index.php?api_lang=cl&localidad=18262;Listado de localidades - Región Metropolitana de Santiago;174;3;Localidad
151;http://api.meteored.cl/index.php?api_lang=cl&localidad=17773;Listado de localidades - Región Metropolitana de Santiago;174;3;Localidad
152;http://api.meteored.cl/index.php?api_lang=cl&localidad=17764;Listado de localidades - Región Metropolitana de Santiago;174;3;Localidad
153;http://api.meteored.cl/index.php?api_lang=cl&localidad=17755;Listado de localidades - Región Metropolitana de Santiago;174;3;Localidad
154;http://api.meteored.cl/index.php?api_lang=cl&localidad=518024;Listado de localidades - Región Metropolitana de Santiago;174;3;Localidad
155;http://api.meteored.cl/index.php?api_lang=cl&localidad=17849;Listado de localidades - Región Metropolitana de Santiago;174;3;Localidad
156;http://api.meteored.cl/index.php?api_lang=cl&localidad=518028;Listado de localidades - Región Metropolitana de Santiago;174;3;Localidad
157;http://api.meteored.cl/index.php?api_lang=cl&localidad=17766;Listado de localidades - Región Metropolitana de Santiago;174;3;Localidad
158;http://api.meteored.cl/index.php?api_lang=cl&localidad=518033;Listado de localidades - Región Metropolitana de Santiago;174;3;Localidad
159;http://api.meteored.cl/index.php?api_lang=cl&localidad=17767;Listado de localidades - Región Metropolitana de Santiago;174;3;Localidad
160;http://api.meteored.cl/index.php?api_lang=cl&localidad=518050;Listado de localidades - Región Metropolitana de Santiago;174;3;Localidad
161;http://api.meteored.cl/index.php?api_lang=cl&localidad=518059;Listado de localidades - Región Metropolitana de Santiago;174;3;Localidad
162;http://api.meteored.cl/index.php?api_lang=cl&localidad=518060;Listado de localidades - Región Metropolitana de Santiago;174;3;Localidad
163;http://api.meteored.cl/index.php?api_lang=cl&localidad=518063;Listado de localidades - Región Metropolitana de Santiago;174;3;Localidad
164;http://api.meteored.cl/index.php?api_lang=cl&localidad=18578;Listado de localidades - Región Metropolitana de Santiago;174;3;Localidad
165;http://api.meteored.cl/index.php?api_lang=cl&localidad=518071;Listado de localidades - Región Metropolitana de Santiago;174;3;Localidad
166;http://api.meteored.cl/index.php?api_lang=cl&localidad=18189;Listado de localidades - Región Metropolitana de Santiago;174;3;Localidad
167;http://api.meteored.cl/index.php?api_lang=cl&localidad=518122;Listado de localidades - Región Metropolitana de Santiago;174;3;Localidad
168;http://api.meteored.cl/index.php?api_lang=cl&localidad=17768;Listado de localidades - Región Metropolitana de Santiago;174;3;Localidad
169;http://api.meteored.cl/index.php?api_lang=cl&localidad=518178;Listado de localidades - Región Metropolitana de Santiago;174;3;Localidad
170;http://api.meteored.cl/index.php?api_lang=cl&localidad=17769;Listado de localidades - Región Metropolitana de Santiago;174;3;Localidad
171;http://api.meteored.cl/index.php?api_lang=cl&localidad=18399;Listado de localidades - Región Metropolitana de Santiago;174;3;Localidad
172;http://api.meteored.cl/index.php?api_lang=cl&localidad=518283;Listado de localidades - Región Metropolitana de Santiago;174;3;Localidad
173;http://api.meteored.cl/index.php?api_lang=cl&localidad=518290;Listado de localidades - Región Metropolitana de Santiago;174;3;Localidad
174;http://api.meteored.cl/index.php?api_lang=cl&localidad=17770;Listado de localidades - Región Metropolitana de Santiago;174;3;Localidad
175;http://api.meteored.cl/index.php?api_lang=cl&localidad=515942;Listado de localidades - Región de Valparaíso;235;3;Localidad
176;http://api.meteored.cl/index.php?api_lang=cl&localidad=515949;Listado de localidades - Región de Valparaíso;235;3;Localidad
177;http://api.meteored.cl/index.php?api_lang=cl&localidad=230558;Listado de localidades - Región de Valparaíso;235;3;Localidad
178;http://api.meteored.cl/index.php?api_lang=cl&localidad=515974;Listado de localidades - Región de Valparaíso;235;3;Localidad
179;http://api.meteored.cl/index.php?api_lang=cl&localidad=515977;Listado de localidades - Región de Valparaíso;235;3;Localidad
180;http://api.meteored.cl/index.php?api_lang=cl&localidad=515993;Listado de localidades - Región de Valparaíso;235;3;Localidad
181;http://api.meteored.cl/index.php?api_lang=cl&localidad=515996;Listado de localidades - Región de Valparaíso;235;3;Localidad
182;http://api.meteored.cl/index.php?api_lang=cl&localidad=516035;Listado de localidades - Región de Valparaíso;235;3;Localidad
183;http://api.meteored.cl/index.php?api_lang=cl&localidad=516061;Listado de localidades - Región de Valparaíso;235;3;Localidad
184;http://api.meteored.cl/index.php?api_lang=cl&localidad=516077;Listado de localidades - Región de Valparaíso;235;3;Localidad
185;http://api.meteored.cl/index.php?api_lang=cl&localidad=516068;Listado de localidades - Región de Valparaíso;235;3;Localidad
186;http://api.meteored.cl/index.php?api_lang=cl&localidad=516090;Listado de localidades - Región de Valparaíso;235;3;Localidad
187;http://api.meteored.cl/index.php?api_lang=cl&localidad=18226;Listado de localidades - Región de Valparaíso;235;3;Localidad
188;http://api.meteored.cl/index.php?api_lang=cl&localidad=516111;Listado de localidades - Región de Valparaíso;235;3;Localidad
189;http://api.meteored.cl/index.php?api_lang=cl&localidad=516164;Listado de localidades - Región de Valparaíso;235;3;Localidad
190;http://api.meteored.cl/index.php?api_lang=cl&localidad=516165;Listado de localidades - Región de Valparaíso;235;3;Localidad
191;http://api.meteored.cl/index.php?api_lang=cl&localidad=516167;Listado de localidades - Región de Valparaíso;235;3;Localidad
192;http://api.meteored.cl/index.php?api_lang=cl&localidad=516184;Listado de localidades - Región de Valparaíso;235;3;Localidad
193;http://api.meteored.cl/index.php?api_lang=cl&localidad=516192;Listado de localidades - Región de Valparaíso;235;3;Localidad
194;http://api.meteored.cl/index.php?api_lang=cl&localidad=18535;Listado de localidades - Región de Valparaíso;235;3;Localidad
195;http://api.meteored.cl/index.php?api_lang=cl&localidad=18194;Listado de localidades - Región de Valparaíso;235;3;Localidad
196;http://api.meteored.cl/index.php?api_lang=cl&localidad=516219;Listado de localidades - Región de Valparaíso;235;3;Localidad
197;http://api.meteored.cl/index.php?api_lang=cl&localidad=516220;Listado de localidades - Región de Valparaíso;235;3;Localidad
198;http://api.meteored.cl/index.php?api_lang=cl&localidad=516230;Listado de localidades - Región de Valparaíso;235;3;Localidad
199;http://api.meteored.cl/index.php?api_lang=cl&localidad=516240;Listado de localidades - Región de Valparaíso;235;3;Localidad
200;http://api.meteored.cl/index.php?api_lang=cl&localidad=516242;Listado de localidades - Región de Valparaíso;235;3;Localidad
201;http://api.meteored.cl/index.php?api_lang=cl&localidad=518287;Listado de localidades - Región de Valparaíso;235;3;Localidad
202;http://api.meteored.cl/index.php?api_lang=cl&localidad=516269;Listado de localidades - Región de Valparaíso;235;3;Localidad
203;http://api.meteored.cl/index.php?api_lang=cl&localidad=516270;Listado de localidades - Región de Valparaíso;235;3;Localidad
204;http://api.meteored.cl/index.php?api_lang=cl&localidad=516281;Listado de localidades - Región de Valparaíso;235;3;Localidad
205;http://api.meteored.cl/index.php?api_lang=cl&localidad=516317;Listado de localidades - Región de Valparaíso;235;3;Localidad
206;http://api.meteored.cl/index.php?api_lang=cl&localidad=516347;Listado de localidades - Región de Valparaíso;235;3;Localidad
207;http://api.meteored.cl/index.php?api_lang=cl&localidad=18006;Listado de localidades - Región de Valparaíso;235;3;Localidad
208;http://api.meteored.cl/index.php?api_lang=cl&localidad=516429;Listado de localidades - Región de Valparaíso;235;3;Localidad
209;http://api.meteored.cl/index.php?api_lang=cl&localidad=18425;Listado de localidades - Región de Valparaíso;235;3;Localidad
210;http://api.meteored.cl/index.php?api_lang=cl&localidad=516451;Listado de localidades - Región de Valparaíso;235;3;Localidad
211;http://api.meteored.cl/index.php?api_lang=cl&localidad=516452;Listado de localidades - Región de Valparaíso;235;3;Localidad
212;http://api.meteored.cl/index.php?api_lang=cl&localidad=516453;Listado de localidades - Región de Valparaíso;235;3;Localidad
213;http://api.meteored.cl/index.php?api_lang=cl&localidad=516455;Listado de localidades - Región de Valparaíso;235;3;Localidad
214;http://api.meteored.cl/index.php?api_lang=cl&localidad=516456;Listado de localidades - Región de Valparaíso;235;3;Localidad
215;http://api.meteored.cl/index.php?api_lang=cl&localidad=516458;Listado de localidades - Región de Valparaíso;235;3;Localidad
216;http://api.meteored.cl/index.php?api_lang=cl&localidad=516461;Listado de localidades - Región de Valparaíso;235;3;Localidad
217;http://api.meteored.cl/index.php?api_lang=cl&localidad=18225;Listado de localidades - Región de Valparaíso;235;3;Localidad
218;http://api.meteored.cl/index.php?api_lang=cl&localidad=516475;Listado de localidades - Región de Valparaíso;235;3;Localidad
219;http://api.meteored.cl/index.php?api_lang=cl&localidad=516514;Listado de localidades - Región de Valparaíso;235;3;Localidad
220;http://api.meteored.cl/index.php?api_lang=cl&localidad=17800;Listado de localidades - Región de Valparaíso;235;3;Localidad
221;http://api.meteored.cl/index.php?api_lang=cl&localidad=516538;Listado de localidades - Región de Valparaíso;235;3;Localidad
222;http://api.meteored.cl/index.php?api_lang=cl&localidad=516581;Listado de localidades - Región de Valparaíso;235;3;Localidad
223;http://api.meteored.cl/index.php?api_lang=cl&localidad=516585;Listado de localidades - Región de Valparaíso;235;3;Localidad
224;http://api.meteored.cl/index.php?api_lang=cl&localidad=516590;Listado de localidades - Región de Valparaíso;235;3;Localidad
225;http://api.meteored.cl/index.php?api_lang=cl&localidad=516596;Listado de localidades - Región de Valparaíso;235;3;Localidad
226;http://api.meteored.cl/index.php?api_lang=cl&localidad=516601;Listado de localidades - Región de Valparaíso;235;3;Localidad
227;http://api.meteored.cl/index.php?api_lang=cl&localidad=516602;Listado de localidades - Región de Valparaíso;235;3;Localidad
228;http://api.meteored.cl/index.php?api_lang=cl&localidad=516613;Listado de localidades - Región de Valparaíso;235;3;Localidad
229;http://api.meteored.cl/index.php?api_lang=cl&localidad=516618;Listado de localidades - Región de Valparaíso;235;3;Localidad
230;http://api.meteored.cl/index.php?api_lang=cl&localidad=516620;Listado de localidades - Región de Valparaíso;235;3;Localidad
231;http://api.meteored.cl/index.php?api_lang=cl&localidad=516626;Listado de localidades - Región de Valparaíso;235;3;Localidad
232;http://api.meteored.cl/index.php?api_lang=cl&localidad=17814;Listado de localidades - Región de Valparaíso;235;3;Localidad
233;http://api.meteored.cl/index.php?api_lang=cl&localidad=516644;Listado de localidades - Región de Valparaíso;235;3;Localidad
234;http://api.meteored.cl/index.php?api_lang=cl&localidad=516648;Listado de localidades - Región de Valparaíso;235;3;Localidad
235;http://api.meteored.cl/index.php?api_lang=cl&localidad=516650;Listado de localidades - Región de Valparaíso;235;3;Localidad
236;http://api.meteored.cl/index.php?api_lang=cl&localidad=516656;Listado de localidades - Región de Valparaíso;235;3;Localidad
237;http://api.meteored.cl/index.php?api_lang=cl&localidad=516659;Listado de localidades - Región de Valparaíso;235;3;Localidad
238;http://api.meteored.cl/index.php?api_lang=cl&localidad=18434;Listado de localidades - Región de Valparaíso;235;3;Localidad
239;http://api.meteored.cl/index.php?api_lang=cl&localidad=516680;Listado de localidades - Región de Valparaíso;235;3;Localidad
240;http://api.meteored.cl/index.php?api_lang=cl&localidad=516688;Listado de localidades - Región de Valparaíso;235;3;Localidad
241;http://api.meteored.cl/index.php?api_lang=cl&localidad=516693;Listado de localidades - Región de Valparaíso;235;3;Localidad
242;http://api.meteored.cl/index.php?api_lang=cl&localidad=516698;Listado de localidades - Región de Valparaíso;235;3;Localidad
243;http://api.meteored.cl/index.php?api_lang=cl&localidad=18529;Listado de localidades - Región de Valparaíso;235;3;Localidad
244;http://api.meteored.cl/index.php?api_lang=cl&localidad=516703;Listado de localidades - Región de Valparaíso;235;3;Localidad
245;http://api.meteored.cl/index.php?api_lang=cl&localidad=516713;Listado de localidades - Región de Valparaíso;235;3;Localidad
246;http://api.meteored.cl/index.php?api_lang=cl&localidad=516718;Listado de localidades - Región de Valparaíso;235;3;Localidad
247;http://api.meteored.cl/index.php?api_lang=cl&localidad=17815;Listado de localidades - Región de Valparaíso;235;3;Localidad
248;http://api.meteored.cl/index.php?api_lang=cl&localidad=516735;Listado de localidades - Región de Valparaíso;235;3;Localidad
249;http://api.meteored.cl/index.php?api_lang=cl&localidad=516727;Listado de localidades - Región de Valparaíso;235;3;Localidad
250;http://api.meteored.cl/index.php?api_lang=cl&localidad=516731;Listado de localidades - Región de Valparaíso;235;3;Localidad
251;http://api.meteored.cl/index.php?api_lang=cl&localidad=17816;Listado de localidades - Región de Valparaíso;235;3;Localidad
252;http://api.meteored.cl/index.php?api_lang=cl&localidad=516741;Listado de localidades - Región de Valparaíso;235;3;Localidad
253;http://api.meteored.cl/index.php?api_lang=cl&localidad=18435;Listado de localidades - Región de Valparaíso;235;3;Localidad
254;http://api.meteored.cl/index.php?api_lang=cl&localidad=18426;Listado de localidades - Región de Valparaíso;235;3;Localidad
255;http://api.meteored.cl/index.php?api_lang=cl&localidad=516819;Listado de localidades - Región de Valparaíso;235;3;Localidad
256;http://api.meteored.cl/index.php?api_lang=cl&localidad=516828;Listado de localidades - Región de Valparaíso;235;3;Localidad
257;http://api.meteored.cl/index.php?api_lang=cl&localidad=516829;Listado de localidades - Región de Valparaíso;235;3;Localidad
258;http://api.meteored.cl/index.php?api_lang=cl&localidad=516831;Listado de localidades - Región de Valparaíso;235;3;Localidad
259;http://api.meteored.cl/index.php?api_lang=cl&localidad=516836;Listado de localidades - Región de Valparaíso;235;3;Localidad
260;http://api.meteored.cl/index.php?api_lang=cl&localidad=516838;Listado de localidades - Región de Valparaíso;235;3;Localidad
261;http://api.meteored.cl/index.php?api_lang=cl&localidad=516848;Listado de localidades - Región de Valparaíso;235;3;Localidad
262;http://api.meteored.cl/index.php?api_lang=cl&localidad=516903;Listado de localidades - Región de Valparaíso;235;3;Localidad
263;http://api.meteored.cl/index.php?api_lang=cl&localidad=516904;Listado de localidades - Región de Valparaíso;235;3;Localidad
264;http://api.meteored.cl/index.php?api_lang=cl&localidad=516912;Listado de localidades - Región de Valparaíso;235;3;Localidad
265;http://api.meteored.cl/index.php?api_lang=cl&localidad=222169;Listado de localidades - Región de Valparaíso;235;3;Localidad
266;http://api.meteored.cl/index.php?api_lang=cl&localidad=516921;Listado de localidades - Región de Valparaíso;235;3;Localidad
267;http://api.meteored.cl/index.php?api_lang=cl&localidad=18231;Listado de localidades - Región de Valparaíso;235;3;Localidad
268;http://api.meteored.cl/index.php?api_lang=cl&localidad=516952;Listado de localidades - Región de Valparaíso;235;3;Localidad
269;http://api.meteored.cl/index.php?api_lang=cl&localidad=516961;Listado de localidades - Región de Valparaíso;235;3;Localidad
270;http://api.meteored.cl/index.php?api_lang=cl&localidad=516966;Listado de localidades - Región de Valparaíso;235;3;Localidad
271;http://api.meteored.cl/index.php?api_lang=cl&localidad=516969;Listado de localidades - Región de Valparaíso;235;3;Localidad
272;http://api.meteored.cl/index.php?api_lang=cl&localidad=516972;Listado de localidades - Región de Valparaíso;235;3;Localidad
273;http://api.meteored.cl/index.php?api_lang=cl&localidad=516977;Listado de localidades - Región de Valparaíso;235;3;Localidad
274;http://api.meteored.cl/index.php?api_lang=cl&localidad=516981;Listado de localidades - Región de Valparaíso;235;3;Localidad
275;http://api.meteored.cl/index.php?api_lang=cl&localidad=18421;Listado de localidades - Región de Valparaíso;235;3;Localidad
276;http://api.meteored.cl/index.php?api_lang=cl&localidad=516997;Listado de localidades - Región de Valparaíso;235;3;Localidad
277;http://api.meteored.cl/index.php?api_lang=cl&localidad=18228;Listado de localidades - Región de Valparaíso;235;3;Localidad
278;http://api.meteored.cl/index.php?api_lang=cl&localidad=517017;Listado de localidades - Región de Valparaíso;235;3;Localidad
279;http://api.meteored.cl/index.php?api_lang=cl&localidad=517083;Listado de localidades - Región de Valparaíso;235;3;Localidad
280;http://api.meteored.cl/index.php?api_lang=cl&localidad=517023;Listado de localidades - Región de Valparaíso;235;3;Localidad
281;http://api.meteored.cl/index.php?api_lang=cl&localidad=517031;Listado de localidades - Región de Valparaíso;235;3;Localidad
282;http://api.meteored.cl/index.php?api_lang=cl&localidad=517053;Listado de localidades - Región de Valparaíso;235;3;Localidad
283;http://api.meteored.cl/index.php?api_lang=cl&localidad=517059;Listado de localidades - Región de Valparaíso;235;3;Localidad
284;http://api.meteored.cl/index.php?api_lang=cl&localidad=517063;Listado de localidades - Región de Valparaíso;235;3;Localidad
285;http://api.meteored.cl/index.php?api_lang=cl&localidad=517087;Listado de localidades - Región de Valparaíso;235;3;Localidad
286;http://api.meteored.cl/index.php?api_lang=cl&localidad=517098;Listado de localidades - Región de Valparaíso;235;3;Localidad
287;http://api.meteored.cl/index.php?api_lang=cl&localidad=517105;Listado de localidades - Región de Valparaíso;235;3;Localidad
288;http://api.meteored.cl/index.php?api_lang=cl&localidad=517108;Listado de localidades - Región de Valparaíso;235;3;Localidad
289;http://api.meteored.cl/index.php?api_lang=cl&localidad=517112;Listado de localidades - Región de Valparaíso;235;3;Localidad
290;http://api.meteored.cl/index.php?api_lang=cl&localidad=517114;Listado de localidades - Región de Valparaíso;235;3;Localidad
291;http://api.meteored.cl/index.php?api_lang=cl&localidad=517115;Listado de localidades - Región de Valparaíso;235;3;Localidad
292;http://api.meteored.cl/index.php?api_lang=cl&localidad=17817;Listado de localidades - Región de Valparaíso;235;3;Localidad
293;http://api.meteored.cl/index.php?api_lang=cl&localidad=517120;Listado de localidades - Región de Valparaíso;235;3;Localidad
294;http://api.meteored.cl/index.php?api_lang=cl&localidad=517122;Listado de localidades - Región de Valparaíso;235;3;Localidad
295;http://api.meteored.cl/index.php?api_lang=cl&localidad=517125;Listado de localidades - Región de Valparaíso;235;3;Localidad
296;http://api.meteored.cl/index.php?api_lang=cl&localidad=517140;Listado de localidades - Región de Valparaíso;235;3;Localidad
297;http://api.meteored.cl/index.php?api_lang=cl&localidad=517154;Listado de localidades - Región de Valparaíso;235;3;Localidad
298;http://api.meteored.cl/index.php?api_lang=cl&localidad=517158;Listado de localidades - Región de Valparaíso;235;3;Localidad
299;http://api.meteored.cl/index.php?api_lang=cl&localidad=517162;Listado de localidades - Región de Valparaíso;235;3;Localidad
300;http://api.meteored.cl/index.php?api_lang=cl&localidad=17818;Listado de localidades - Región de Valparaíso;235;3;Localidad
301;http://api.meteored.cl/index.php?api_lang=cl&localidad=517184;Listado de localidades - Región de Valparaíso;235;3;Localidad
302;http://api.meteored.cl/index.php?api_lang=cl&localidad=517186;Listado de localidades - Región de Valparaíso;235;3;Localidad
303;http://api.meteored.cl/index.php?api_lang=cl&localidad=17986;Listado de localidades - Región de Valparaíso;235;3;Localidad
304;http://api.meteored.cl/index.php?api_lang=cl&localidad=18530;Listado de localidades - Región de Valparaíso;235;3;Localidad
305;http://api.meteored.cl/index.php?api_lang=cl&localidad=18531;Listado de localidades - Región de Valparaíso;235;3;Localidad
306;http://api.meteored.cl/index.php?api_lang=cl&localidad=517225;Listado de localidades - Región de Valparaíso;235;3;Localidad
307;http://api.meteored.cl/index.php?api_lang=cl&localidad=517226;Listado de localidades - Región de Valparaíso;235;3;Localidad
308;http://api.meteored.cl/index.php?api_lang=cl&localidad=517231;Listado de localidades - Región de Valparaíso;235;3;Localidad
309;http://api.meteored.cl/index.php?api_lang=cl&localidad=517236;Listado de localidades - Región de Valparaíso;235;3;Localidad
310;http://api.meteored.cl/index.php?api_lang=cl&localidad=517243;Listado de localidades - Región de Valparaíso;235;3;Localidad
311;http://api.meteored.cl/index.php?api_lang=cl&localidad=17819;Listado de localidades - Región de Valparaíso;235;3;Localidad
312;http://api.meteored.cl/index.php?api_lang=cl&localidad=517244;Listado de localidades - Región de Valparaíso;235;3;Localidad
313;http://api.meteored.cl/index.php?api_lang=cl&localidad=517255;Listado de localidades - Región de Valparaíso;235;3;Localidad
314;http://api.meteored.cl/index.php?api_lang=cl&localidad=517256;Listado de localidades - Región de Valparaíso;235;3;Localidad
315;http://api.meteored.cl/index.php?api_lang=cl&localidad=18229;Listado de localidades - Región de Valparaíso;235;3;Localidad
316;http://api.meteored.cl/index.php?api_lang=cl&localidad=517262;Listado de localidades - Región de Valparaíso;235;3;Localidad
317;http://api.meteored.cl/index.php?api_lang=cl&localidad=517271;Listado de localidades - Región de Valparaíso;235;3;Localidad
318;http://api.meteored.cl/index.php?api_lang=cl&localidad=517276;Listado de localidades - Región de Valparaíso;235;3;Localidad
319;http://api.meteored.cl/index.php?api_lang=cl&localidad=517302;Listado de localidades - Región de Valparaíso;235;3;Localidad
320;http://api.meteored.cl/index.php?api_lang=cl&localidad=517306;Listado de localidades - Región de Valparaíso;235;3;Localidad
321;http://api.meteored.cl/index.php?api_lang=cl&localidad=517326;Listado de localidades - Región de Valparaíso;235;3;Localidad
322;http://api.meteored.cl/index.php?api_lang=cl&localidad=517335;Listado de localidades - Región de Valparaíso;235;3;Localidad
323;http://api.meteored.cl/index.php?api_lang=cl&localidad=517339;Listado de localidades - Región de Valparaíso;235;3;Localidad
324;http://api.meteored.cl/index.php?api_lang=cl&localidad=517359;Listado de localidades - Región de Valparaíso;235;3;Localidad
325;http://api.meteored.cl/index.php?api_lang=cl&localidad=17828;Listado de localidades - Región de Valparaíso;235;3;Localidad
326;http://api.meteored.cl/index.php?api_lang=cl&localidad=517382;Listado de localidades - Región de Valparaíso;235;3;Localidad
327;http://api.meteored.cl/index.php?api_lang=cl&localidad=517387;Listado de localidades - Región de Valparaíso;235;3;Localidad
328;http://api.meteored.cl/index.php?api_lang=cl&localidad=18424;Listado de localidades - Región de Valparaíso;235;3;Localidad
329;http://api.meteored.cl/index.php?api_lang=cl&localidad=517406;Listado de localidades - Región de Valparaíso;235;3;Localidad
330;http://api.meteored.cl/index.php?api_lang=cl&localidad=517421;Listado de localidades - Región de Valparaíso;235;3;Localidad
331;http://api.meteored.cl/index.php?api_lang=cl&localidad=517450;Listado de localidades - Región de Valparaíso;235;3;Localidad
332;http://api.meteored.cl/index.php?api_lang=cl&localidad=517455;Listado de localidades - Región de Valparaíso;235;3;Localidad
333;http://api.meteored.cl/index.php?api_lang=cl&localidad=517466;Listado de localidades - Región de Valparaíso;235;3;Localidad
334;http://api.meteored.cl/index.php?api_lang=cl&localidad=517487;Listado de localidades - Región de Valparaíso;235;3;Localidad
335;http://api.meteored.cl/index.php?api_lang=cl&localidad=517493;Listado de localidades - Región de Valparaíso;235;3;Localidad
336;http://api.meteored.cl/index.php?api_lang=cl&localidad=517516;Listado de localidades - Región de Valparaíso;235;3;Localidad
337;http://api.meteored.cl/index.php?api_lang=cl&localidad=517520;Listado de localidades - Región de Valparaíso;235;3;Localidad
338;http://api.meteored.cl/index.php?api_lang=cl&localidad=517526;Listado de localidades - Región de Valparaíso;235;3;Localidad
339;http://api.meteored.cl/index.php?api_lang=cl&localidad=517537;Listado de localidades - Región de Valparaíso;235;3;Localidad
340;http://api.meteored.cl/index.php?api_lang=cl&localidad=517554;Listado de localidades - Región de Valparaíso;235;3;Localidad
341;http://api.meteored.cl/index.php?api_lang=cl&localidad=18235;Listado de localidades - Región de Valparaíso;235;3;Localidad
342;http://api.meteored.cl/index.php?api_lang=cl&localidad=517579;Listado de localidades - Región de Valparaíso;235;3;Localidad
343;http://api.meteored.cl/index.php?api_lang=cl&localidad=517591;Listado de localidades - Región de Valparaíso;235;3;Localidad
344;http://api.meteored.cl/index.php?api_lang=cl&localidad=18428;Listado de localidades - Región de Valparaíso;235;3;Localidad
345;http://api.meteored.cl/index.php?api_lang=cl&localidad=517617;Listado de localidades - Región de Valparaíso;235;3;Localidad
346;http://api.meteored.cl/index.php?api_lang=cl&localidad=18429;Listado de localidades - Región de Valparaíso;235;3;Localidad
347;http://api.meteored.cl/index.php?api_lang=cl&localidad=517635;Listado de localidades - Región de Valparaíso;235;3;Localidad
348;http://api.meteored.cl/index.php?api_lang=cl&localidad=517667;Listado de localidades - Región de Valparaíso;235;3;Localidad
349;http://api.meteored.cl/index.php?api_lang=cl&localidad=517671;Listado de localidades - Región de Valparaíso;235;3;Localidad
350;http://api.meteored.cl/index.php?api_lang=cl&localidad=517678;Listado de localidades - Región de Valparaíso;235;3;Localidad
351;http://api.meteored.cl/index.php?api_lang=cl&localidad=517682;Listado de localidades - Región de Valparaíso;235;3;Localidad
352;http://api.meteored.cl/index.php?api_lang=cl&localidad=517686;Listado de localidades - Región de Valparaíso;235;3;Localidad
353;http://api.meteored.cl/index.php?api_lang=cl&localidad=517688;Listado de localidades - Región de Valparaíso;235;3;Localidad
354;http://api.meteored.cl/index.php?api_lang=cl&localidad=517690;Listado de localidades - Región de Valparaíso;235;3;Localidad
355;http://api.meteored.cl/index.php?api_lang=cl&localidad=517692;Listado de localidades - Región de Valparaíso;235;3;Localidad
356;http://api.meteored.cl/index.php?api_lang=cl&localidad=517696;Listado de localidades - Región de Valparaíso;235;3;Localidad
357;http://api.meteored.cl/index.php?api_lang=cl&localidad=517710;Listado de localidades - Región de Valparaíso;235;3;Localidad
358;http://api.meteored.cl/index.php?api_lang=cl&localidad=517711;Listado de localidades - Región de Valparaíso;235;3;Localidad
359;http://api.meteored.cl/index.php?api_lang=cl&localidad=517725;Listado de localidades - Región de Valparaíso;235;3;Localidad
360;http://api.meteored.cl/index.php?api_lang=cl&localidad=517733;Listado de localidades - Región de Valparaíso;235;3;Localidad
361;http://api.meteored.cl/index.php?api_lang=cl&localidad=517741;Listado de localidades - Región de Valparaíso;235;3;Localidad
362;http://api.meteored.cl/index.php?api_lang=cl&localidad=517778;Listado de localidades - Región de Valparaíso;235;3;Localidad
363;http://api.meteored.cl/index.php?api_lang=cl&localidad=18488;Listado de localidades - Región de Valparaíso;235;3;Localidad
364;http://api.meteored.cl/index.php?api_lang=cl&localidad=517831;Listado de localidades - Región de Valparaíso;235;3;Localidad
365;http://api.meteored.cl/index.php?api_lang=cl&localidad=517834;Listado de localidades - Región de Valparaíso;235;3;Localidad
366;http://api.meteored.cl/index.php?api_lang=cl&localidad=517835;Listado de localidades - Región de Valparaíso;235;3;Localidad
367;http://api.meteored.cl/index.php?api_lang=cl&localidad=517836;Listado de localidades - Región de Valparaíso;235;3;Localidad
368;http://api.meteored.cl/index.php?api_lang=cl&localidad=18234;Listado de localidades - Región de Valparaíso;235;3;Localidad
369;http://api.meteored.cl/index.php?api_lang=cl&localidad=18569;Listado de localidades - Región de Valparaíso;235;3;Localidad
370;http://api.meteored.cl/index.php?api_lang=cl&localidad=517885;Listado de localidades - Región de Valparaíso;235;3;Localidad
371;http://api.meteored.cl/index.php?api_lang=cl&localidad=18532;Listado de localidades - Región de Valparaíso;235;3;Localidad
372;http://api.meteored.cl/index.php?api_lang=cl&localidad=18233;Listado de localidades - Región de Valparaíso;235;3;Localidad
373;http://api.meteored.cl/index.php?api_lang=cl&localidad=517925;Listado de localidades - Región de Valparaíso;235;3;Localidad
374;http://api.meteored.cl/index.php?api_lang=cl&localidad=517940;Listado de localidades - Región de Valparaíso;235;3;Localidad
375;http://api.meteored.cl/index.php?api_lang=cl&localidad=517937;Listado de localidades - Región de Valparaíso;235;3;Localidad
376;http://api.meteored.cl/index.php?api_lang=cl&localidad=517949;Listado de localidades - Región de Valparaíso;235;3;Localidad
377;http://api.meteored.cl/index.php?api_lang=cl&localidad=517956;Listado de localidades - Región de Valparaíso;235;3;Localidad
378;http://api.meteored.cl/index.php?api_lang=cl&localidad=517958;Listado de localidades - Región de Valparaíso;235;3;Localidad
379;http://api.meteored.cl/index.php?api_lang=cl&localidad=517992;Listado de localidades - Región de Valparaíso;235;3;Localidad
380;http://api.meteored.cl/index.php?api_lang=cl&localidad=18432;Listado de localidades - Región de Valparaíso;235;3;Localidad
381;http://api.meteored.cl/index.php?api_lang=cl&localidad=517971;Listado de localidades - Región de Valparaíso;235;3;Localidad
382;http://api.meteored.cl/index.php?api_lang=cl&localidad=18533;Listado de localidades - Región de Valparaíso;235;3;Localidad
383;http://api.meteored.cl/index.php?api_lang=cl&localidad=517989;Listado de localidades - Región de Valparaíso;235;3;Localidad
384;http://api.meteored.cl/index.php?api_lang=cl&localidad=518003;Listado de localidades - Región de Valparaíso;235;3;Localidad
385;http://api.meteored.cl/index.php?api_lang=cl&localidad=18568;Listado de localidades - Región de Valparaíso;235;3;Localidad
386;http://api.meteored.cl/index.php?api_lang=cl&localidad=18232;Listado de localidades - Región de Valparaíso;235;3;Localidad
387;http://api.meteored.cl/index.php?api_lang=cl&localidad=518019;Listado de localidades - Región de Valparaíso;235;3;Localidad
388;http://api.meteored.cl/index.php?api_lang=cl&localidad=18227;Listado de localidades - Región de Valparaíso;235;3;Localidad
389;http://api.meteored.cl/index.php?api_lang=cl&localidad=518027;Listado de localidades - Región de Valparaíso;235;3;Localidad
390;http://api.meteored.cl/index.php?api_lang=cl&localidad=17827;Listado de localidades - Región de Valparaíso;235;3;Localidad
391;http://api.meteored.cl/index.php?api_lang=cl&localidad=518031;Listado de localidades - Región de Valparaíso;235;3;Localidad
392;http://api.meteored.cl/index.php?api_lang=cl&localidad=18433;Listado de localidades - Región de Valparaíso;235;3;Localidad
393;http://api.meteored.cl/index.php?api_lang=cl&localidad=518045;Listado de localidades - Región de Valparaíso;235;3;Localidad
394;http://api.meteored.cl/index.php?api_lang=cl&localidad=518046;Listado de localidades - Región de Valparaíso;235;3;Localidad
395;http://api.meteored.cl/index.php?api_lang=cl&localidad=518053;Listado de localidades - Región de Valparaíso;235;3;Localidad
396;http://api.meteored.cl/index.php?api_lang=cl&localidad=518069;Listado de localidades - Región de Valparaíso;235;3;Localidad
397;http://api.meteored.cl/index.php?api_lang=cl&localidad=518109;Listado de localidades - Región de Valparaíso;235;3;Localidad
398;http://api.meteored.cl/index.php?api_lang=cl&localidad=518111;Listado de localidades - Región de Valparaíso;235;3;Localidad
399;http://api.meteored.cl/index.php?api_lang=cl&localidad=518156;Listado de localidades - Región de Valparaíso;235;3;Localidad
400;http://api.meteored.cl/index.php?api_lang=cl&localidad=518230;Listado de localidades - Región de Valparaíso;235;3;Localidad
401;http://api.meteored.cl/index.php?api_lang=cl&localidad=518253;Listado de localidades - Región de Valparaíso;235;3;Localidad
402;http://api.meteored.cl/index.php?api_lang=cl&localidad=518256;Listado de localidades - Región de Valparaíso;235;3;Localidad
403;http://api.meteored.cl/index.php?api_lang=cl&localidad=18577;Listado de localidades - Región de Valparaíso;235;3;Localidad
404;http://api.meteored.cl/index.php?api_lang=cl&localidad=518262;Listado de localidades - Región de Valparaíso;235;3;Localidad
405;http://api.meteored.cl/index.php?api_lang=cl&localidad=18534;Listado de localidades - Región de Valparaíso;235;3;Localidad
406;http://api.meteored.cl/index.php?api_lang=cl&localidad=518300;Listado de localidades - Región de Valparaíso;235;3;Localidad
407;http://api.meteored.cl/index.php?api_lang=cl&localidad=18260;Listado de localidades - Región de Valparaíso;235;3;Localidad
408;http://api.meteored.cl/index.php?api_lang=cl&localidad=518309;Listado de localidades - Región de Valparaíso;235;3;Localidad
409;http://api.meteored.cl/index.php?api_lang=cl&localidad=518321;Listado de localidades - Región de Valparaíso;235;3;Localidad
